,Celcius,Fahrenheit,Humidity
2020-03-12 22:11:06.565168+00:00,17.0,62.6,42.599998474121094
2020-03-12 22:12:07.152523+00:00,16.899999618530273,62.419999313354495,44.29999923706055
2020-03-12 22:13:10.217776+00:00,17.299999237060547,63.13999862670899,42.20000076293945
2020-03-12 22:14:15.815081+00:00,17.299999237060547,63.13999862670899,42.5
2020-03-12 22:15:18.935052+00:00,17.200000762939453,62.960001373291014,43.099998474121094
2020-03-12 22:16:22.055475+00:00,17.200000762939453,62.960001373291014,42.599998474121094
2020-03-12 22:17:25.162672+00:00,17.100000381469727,62.78000068664551,42.599998474121094
2020-03-12 22:18:28.284029+00:00,16.899999618530273,62.419999313354495,42.5
2020-03-12 22:19:28.855161+00:00,16.899999618530273,62.419999313354495,42.5
2020-03-12 22:20:31.976456+00:00,16.600000381469727,61.88000068664551,43.79999923706055
2020-03-12 22:21:32.565812+00:00,16.600000381469727,61.88000068664551,43.70000076293945
2020-03-12 22:22:33.155084+00:00,16.700000762939453,62.060001373291016,43.099998474121094
2020-03-12 22:23:33.714966+00:00,16.700000762939453,62.060001373291016,42.79999923706055
2020-03-12 22:24:36.830300+00:00,16.5,61.7,43.70000076293945
2020-03-12 22:25:37.414854+00:00,16.5,61.7,43.599998474121094
2020-03-12 22:26:40.529897+00:00,16.600000381469727,61.88000068664551,42.70000076293945
2020-03-12 22:27:41.116935+00:00,16.600000381469727,61.88000068664551,42.70000076293945
2020-03-12 22:28:41.704007+00:00,16.600000381469727,61.88000068664551,42.900001525878906
2020-03-12 22:29:42.291040+00:00,16.5,61.7,43.0
2020-03-12 22:30:42.877963+00:00,16.399999618530273,61.51999931335449,43.20000076293945
2020-03-12 22:31:43.445105+00:00,16.5,61.7,43.599998474121094
2020-03-12 22:32:46.514186+00:00,16.600000381469727,61.88000068664551,43.5
2020-03-12 22:33:49.596868+00:00,16.600000381469727,61.88000068664551,42.5
2020-03-12 22:34:50.126195+00:00,16.5,61.7,42.400001525878906
2020-03-12 22:35:53.193080+00:00,16.600000381469727,61.88000068664551,42.900001525878906
2020-03-12 22:36:56.268380+00:00,16.700000762939453,62.060001373291016,43.70000076293945
2020-03-12 22:37:56.855045+00:00,16.700000762939453,62.060001373291016,43.599998474121094
2020-03-12 22:38:59.974262+00:00,16.600000381469727,61.88000068664551,42.70000076293945
2020-03-12 22:40:03.060761+00:00,16.600000381469727,61.88000068664551,42.900001525878906
2020-03-12 22:41:03.645002+00:00,16.600000381469727,61.88000068664551,42.900001525878906
2020-03-12 22:42:04.224007+00:00,16.899999618530273,62.419999313354495,42.70000076293945
2020-03-12 22:43:04.811159+00:00,16.799999237060547,62.23999862670898,42.099998474121094
2020-03-12 22:44:07.887507+00:00,16.700000762939453,62.060001373291016,42.599998474121094
2020-03-12 22:45:11.006317+00:00,16.5,61.7,42.70000076293945
2020-03-12 22:46:11.593642+00:00,16.5,61.7,42.900001525878906
2020-03-12 22:47:12.165100+00:00,16.600000381469727,61.88000068664551,43.099998474121094
2020-03-12 22:48:15.277649+00:00,16.899999618530273,62.419999313354495,43.0
2020-03-12 22:49:23.442772+00:00,16.899999618530273,62.419999313354495,42.599998474121094
2020-03-12 22:50:24.029708+00:00,16.799999237060547,62.23999862670898,42.400001525878906
2020-03-12 22:51:24.568301+00:00,16.700000762939453,62.060001373291016,42.79999923706055
2020-03-12 22:52:25.157337+00:00,16.799999237060547,62.23999862670898,43.0
2020-03-12 22:53:25.746312+00:00,16.700000762939453,62.060001373291016,42.79999923706055
2020-03-12 22:54:26.335295+00:00,16.600000381469727,61.88000068664551,43.29999923706055
2020-03-12 22:55:26.924259+00:00,16.700000762939453,62.060001373291016,42.79999923706055
2020-03-12 22:56:27.513066+00:00,16.399999618530273,61.51999931335449,42.79999923706055
2020-03-12 22:57:33.150074+00:00,16.799999237060547,62.23999862670898,44.099998474121094
2020-03-12 22:58:33.739166+00:00,16.899999618530273,62.419999313354495,43.900001525878906
2020-03-12 22:59:34.327989+00:00,16.899999618530273,62.419999313354495,42.599998474121094
2020-03-12 23:00:34.861325+00:00,16.799999237060547,62.23999862670898,43.099998474121094
2020-03-12 23:01:35.419446+00:00,16.700000762939453,62.060001373291016,43.70000076293945
2020-03-12 23:02:38.533862+00:00,16.700000762939453,62.060001373291016,43.20000076293945
2020-03-12 23:03:39.100951+00:00,16.700000762939453,62.060001373291016,43.29999923706055
2020-03-12 23:04:39.684875+00:00,16.700000762939453,62.060001373291016,43.20000076293945
2020-03-12 23:05:42.801156+00:00,16.600000381469727,61.88000068664551,44.0
2020-03-12 23:06:43.370769+00:00,16.5,61.7,44.0
2020-03-12 23:07:46.483610+00:00,16.600000381469727,61.88000068664551,43.900001525878906
2020-03-12 23:08:49.543583+00:00,16.600000381469727,61.88000068664551,44.099998474121094
2020-03-12 23:09:50.096833+00:00,16.5,61.7,44.099998474121094
2020-03-12 23:10:50.683283+00:00,16.5,61.7,43.900001525878906
2020-03-12 23:11:53.783174+00:00,16.399999618530273,61.51999931335449,44.400001525878906
2020-03-12 23:12:54.364859+00:00,16.399999618530273,61.51999931335449,44.400001525878906
2020-03-12 23:13:57.462292+00:00,16.600000381469727,61.88000068664551,44.70000076293945
2020-03-12 23:14:58.022612+00:00,16.5,61.7,44.70000076293945
2020-03-12 23:16:03.670254+00:00,16.5,61.7,44.099998474121094
2020-03-12 23:17:04.244895+00:00,16.5,61.7,44.20000076293945
2020-03-12 23:18:04.824924+00:00,16.600000381469727,61.88000068664551,44.5
2020-03-12 23:19:07.943836+00:00,16.700000762939453,62.060001373291016,44.599998474121094
2020-03-12 23:20:08.497724+00:00,16.700000762939453,62.060001373291016,44.599998474121094
2020-03-12 23:21:11.617334+00:00,16.700000762939453,62.060001373291016,44.29999923706055
2020-03-12 23:22:12.196274+00:00,16.700000762939453,62.060001373291016,44.29999923706055
2020-03-12 23:23:12.744869+00:00,16.600000381469727,61.88000068664551,44.099998474121094
2020-03-12 23:24:13.322496+00:00,16.600000381469727,61.88000068664551,44.70000076293945
2020-03-12 23:25:13.851431+00:00,16.5,61.7,44.900001525878906
2020-03-12 23:26:14.404749+00:00,16.399999618530273,61.51999931335449,44.79999923706055
2020-03-12 23:27:17.519656+00:00,16.200000762939453,61.16000137329102,45.0
2020-03-12 23:28:18.104869+00:00,16.200000762939453,61.16000137329102,45.099998474121094
2020-03-12 23:29:18.691943+00:00,16.299999237060547,61.33999862670898,45.70000076293945
2020-03-12 23:30:19.279026+00:00,16.299999237060547,61.33999862670898,45.099998474121094
2020-03-12 23:31:19.866072+00:00,16.299999237060547,61.33999862670898,45.29999923706055
2020-03-12 23:32:20.453116+00:00,16.200000762939453,61.16000137329102,45.29999923706055
2020-03-12 23:33:23.568380+00:00,16.100000381469727,60.98000068664551,46.099998474121094
2020-03-12 23:34:24.155405+00:00,16.100000381469727,60.98000068664551,46.20000076293945
2020-03-12 23:35:27.273166+00:00,16.100000381469727,60.98000068664551,45.400001525878906
2020-03-12 23:36:27.849410+00:00,16.100000381469727,60.98000068664551,45.400001525878906
2020-03-12 23:37:28.404996+00:00,16.100000381469727,60.98000068664551,45.900001525878906
2020-03-12 23:38:31.513675+00:00,16.0,60.8,45.70000076293945
2020-03-12 23:39:32.100623+00:00,16.0,60.8,45.599998474121094
2020-03-12 23:40:35.222611+00:00,16.100000381469727,60.98000068664551,46.0
2020-03-12 23:41:38.278255+00:00,16.100000381469727,60.98000068664551,45.79999923706055
2020-03-12 23:42:38.844034+00:00,16.0,60.8,45.900001525878906
2020-03-12 23:43:39.431045+00:00,16.200000762939453,61.16000137329102,45.70000076293945
2020-03-12 23:44:39.976062+00:00,16.299999237060547,61.33999862670898,45.099998474121094
2020-03-12 23:45:40.553737+00:00,16.200000762939453,61.16000137329102,45.5
2020-03-12 23:46:43.633126+00:00,16.299999237060547,61.33999862670898,46.0
2020-03-12 23:47:44.202157+00:00,16.200000762939453,61.16000137329102,45.70000076293945
2020-03-12 23:48:47.317298+00:00,16.200000762939453,61.16000137329102,45.70000076293945
2020-03-12 23:49:50.389533+00:00,16.100000381469727,60.98000068664551,45.70000076293945
2020-03-12 23:50:50.975867+00:00,16.100000381469727,60.98000068664551,45.900001525878906
2020-03-12 23:51:51.554908+00:00,16.100000381469727,60.98000068664551,45.70000076293945
2020-03-12 23:52:52.103101+00:00,16.0,60.8,46.099998474121094
2020-03-12 23:53:52.690070+00:00,16.0,60.8,46.599998474121094
2020-03-12 23:54:53.246134+00:00,16.200000762939453,61.16000137329102,46.599998474121094
2020-03-12 23:55:58.855858+00:00,16.100000381469727,60.98000068664551,45.599998474121094
2020-03-12 23:56:59.413653+00:00,16.100000381469727,60.98000068664551,45.599998474121094
2020-03-12 23:58:00.000832+00:00,16.100000381469727,60.98000068664551,47.0
2020-03-12 23:59:00.588085+00:00,16.100000381469727,60.98000068664551,47.400001525878906
2020-03-13 00:00:01.175531+00:00,16.100000381469727,60.98000068664551,47.5
2020-03-13 00:01:01.762811+00:00,16.100000381469727,60.98000068664551,47.599998474121094
2020-03-13 00:02:04.837875+00:00,16.100000381469727,60.98000068664551,46.599998474121094
2020-03-13 00:03:05.403496+00:00,16.100000381469727,60.98000068664551,46.5
2020-03-13 00:04:05.985119+00:00,16.0,60.8,47.0
2020-03-13 00:05:09.100562+00:00,15.899999618530273,60.61999931335449,46.79999923706055
2020-03-13 00:06:12.182932+00:00,15.800000190734863,60.44000034332275,46.900001525878906
2020-03-13 00:07:15.298488+00:00,15.800000190734863,60.44000034332275,47.400001525878906
2020-03-13 00:08:15.845035+00:00,15.699999809265137,60.259999656677245,47.400001525878906
2020-03-13 00:09:16.424358+00:00,15.699999809265137,60.259999656677245,47.29999923706055
2020-03-13 00:10:16.974830+00:00,15.800000190734863,60.44000034332275,47.400001525878906
2020-03-13 00:11:22.574626+00:00,15.699999809265137,60.259999656677245,47.29999923706055
2020-03-13 00:12:23.163730+00:00,15.699999809265137,60.259999656677245,47.20000076293945
2020-03-13 00:13:26.284673+00:00,15.699999809265137,60.259999656677245,47.599998474121094
2020-03-13 00:14:26.873953+00:00,15.699999809265137,60.259999656677245,47.599998474121094
2020-03-13 00:15:29.991195+00:00,15.699999809265137,60.259999656677245,47.599998474121094
2020-03-13 00:16:30.527421+00:00,15.600000381469727,60.080000686645505,47.599998474121094
2020-03-13 00:17:33.593450+00:00,15.699999809265137,60.259999656677245,47.79999923706055
2020-03-13 00:18:36.683520+00:00,15.699999809265137,60.259999656677245,48.0
2020-03-13 00:19:37.235062+00:00,15.699999809265137,60.259999656677245,48.0
2020-03-13 00:20:37.823972+00:00,15.699999809265137,60.259999656677245,48.20000076293945
2020-03-13 00:21:38.408255+00:00,15.600000381469727,60.080000686645505,47.400001525878906
2020-03-13 00:22:38.994169+00:00,15.600000381469727,60.080000686645505,48.20000076293945
2020-03-13 00:23:42.073772+00:00,15.600000381469727,60.080000686645505,48.70000076293945
2020-03-13 00:24:45.135253+00:00,15.600000381469727,60.080000686645505,48.20000076293945
2020-03-13 00:25:48.223041+00:00,15.600000381469727,60.080000686645505,48.29999923706055
2020-03-13 00:26:48.789835+00:00,15.600000381469727,60.080000686645505,48.20000076293945
2020-03-13 00:27:49.376834+00:00,15.699999809265137,60.259999656677245,48.400001525878906
2020-03-13 00:28:52.453950+00:00,15.699999809265137,60.259999656677245,48.29999923706055
2020-03-13 00:29:55.537597+00:00,15.699999809265137,60.259999656677245,48.0
2020-03-13 00:30:56.125008+00:00,15.600000381469727,60.080000686645505,47.79999923706055
2020-03-13 00:31:59.240655+00:00,15.699999809265137,60.259999656677245,48.599998474121094
2020-03-13 00:33:04.887098+00:00,15.699999809265137,60.259999656677245,48.0
2020-03-13 00:34:05.474387+00:00,15.600000381469727,60.080000686645505,48.0
2020-03-13 00:35:06.049851+00:00,15.699999809265137,60.259999656677245,48.5
2020-03-13 00:36:06.605037+00:00,15.699999809265137,60.259999656677245,48.5
2020-03-13 00:37:07.173981+00:00,15.699999809265137,60.259999656677245,48.599998474121094
2020-03-13 00:38:07.748718+00:00,15.699999809265137,60.259999656677245,48.099998474121094
2020-03-13 00:39:08.334960+00:00,15.800000190734863,60.44000034332275,47.79999923706055
2020-03-13 00:40:11.450215+00:00,15.600000381469727,60.080000686645505,48.79999923706055
2020-03-13 00:41:12.037394+00:00,15.600000381469727,60.080000686645505,48.599998474121094
2020-03-13 00:42:12.624779+00:00,15.699999809265137,60.259999656677245,48.099998474121094
2020-03-13 00:43:18.238748+00:00,15.800000190734863,60.44000034332275,47.70000076293945
2020-03-13 00:44:18.825247+00:00,15.899999618530273,60.61999931335449,47.79999923706055
2020-03-13 00:45:19.412575+00:00,15.800000190734863,60.44000034332275,47.599998474121094
2020-03-13 00:46:19.940729+00:00,15.800000190734863,60.44000034332275,48.599998474121094
2020-03-13 00:47:20.473326+00:00,15.699999809265137,60.259999656677245,47.79999923706055
2020-03-13 00:48:21.015055+00:00,15.800000190734863,60.44000034332275,49.0
2020-03-13 00:49:24.130485+00:00,15.899999618530273,60.61999931335449,48.29999923706055
2020-03-13 00:50:24.717338+00:00,16.0,60.8,48.0
2020-03-13 00:51:27.833061+00:00,15.899999618530273,60.61999931335449,48.20000076293945
2020-03-13 00:52:30.948683+00:00,15.699999809265137,60.259999656677245,47.5
2020-03-13 00:53:31.488698+00:00,15.699999809265137,60.259999656677245,47.79999923706055
2020-03-13 00:54:32.075795+00:00,15.600000381469727,60.080000686645505,48.29999923706055
2020-03-13 00:55:32.614213+00:00,15.5,59.9,49.0
2020-03-13 00:56:35.729571+00:00,15.600000381469727,60.080000686645505,48.79999923706055
2020-03-13 00:57:36.310804+00:00,15.600000381469727,60.080000686645505,48.599998474121094
2020-03-13 00:58:36.854999+00:00,15.699999809265137,60.259999656677245,48.5
2020-03-13 00:59:39.970125+00:00,15.699999809265137,60.259999656677245,48.79999923706055
2020-03-13 01:00:40.537053+00:00,15.699999809265137,60.259999656677245,48.70000076293945
2020-03-13 01:01:41.124147+00:00,15.600000381469727,60.080000686645505,48.29999923706055
2020-03-13 01:02:41.684828+00:00,15.600000381469727,60.080000686645505,48.400001525878906
2020-03-13 01:03:44.796840+00:00,15.800000190734863,60.44000034332275,48.0
2020-03-13 01:04:45.378115+00:00,15.800000190734863,60.44000034332275,47.70000076293945
2020-03-13 01:05:45.965116+00:00,15.699999809265137,60.259999656677245,48.099998474121094
2020-03-13 01:06:46.545012+00:00,15.699999809265137,60.259999656677245,48.0
2020-03-13 01:07:49.660540+00:00,15.800000190734863,60.44000034332275,47.79999923706055
2020-03-13 01:08:50.225027+00:00,15.699999809265137,60.259999656677245,47.79999923706055
2020-03-13 01:09:50.813132+00:00,15.800000190734863,60.44000034332275,47.5
2020-03-13 01:10:51.397638+00:00,15.699999809265137,60.259999656677245,48.099998474121094
2020-03-13 01:11:51.986900+00:00,15.699999809265137,60.259999656677245,47.599998474121094
2020-03-13 01:12:52.576059+00:00,15.699999809265137,60.259999656677245,50.0
2020-03-13 01:13:53.165210+00:00,15.800000190734863,60.44000034332275,48.099998474121094
2020-03-13 01:14:56.270631+00:00,15.699999809265137,60.259999656677245,47.29999923706055
2020-03-13 01:15:56.859779+00:00,15.699999809265137,60.259999656677245,47.29999923706055
2020-03-13 01:16:57.448926+00:00,15.600000381469727,60.080000686645505,47.5
2020-03-13 01:18:00.566362+00:00,15.5,59.9,47.900001525878906
2020-03-13 01:19:08.728736+00:00,15.399999618530273,59.71999931335449,47.5
2020-03-13 01:20:09.305080+00:00,15.399999618530273,59.71999931335449,47.5
2020-03-13 01:21:09.894450+00:00,15.399999618530273,59.71999931335449,47.900001525878906
2020-03-13 01:22:10.483858+00:00,15.5,59.9,47.900001525878906
2020-03-13 01:23:11.072926+00:00,15.5,59.9,47.400001525878906
2020-03-13 01:24:14.141637+00:00,15.5,59.9,47.29999923706055
2020-03-13 01:25:17.218431+00:00,15.699999809265137,60.259999656677245,48.0
2020-03-13 01:26:17.780769+00:00,15.600000381469727,60.080000686645505,47.70000076293945
2020-03-13 01:27:18.367911+00:00,15.699999809265137,60.259999656677245,47.0
2020-03-13 01:28:18.914909+00:00,15.5,59.9,47.29999923706055
2020-03-13 01:29:19.502118+00:00,15.399999618530273,59.71999931335449,47.70000076293945
2020-03-13 01:30:20.060894+00:00,15.5,59.9,47.900001525878906
2020-03-13 01:31:20.645019+00:00,15.5,59.9,47.599998474121094
2020-03-13 01:32:21.201653+00:00,15.399999618530273,59.71999931335449,47.599998474121094
2020-03-13 01:33:21.788791+00:00,15.399999618530273,59.71999931335449,48.0
2020-03-13 01:34:24.869153+00:00,15.300000190734863,59.54000034332275,48.099998474121094
2020-03-13 01:35:27.938350+00:00,15.199999809265137,59.359999656677246,48.400001525878906
2020-03-13 01:36:31.027528+00:00,15.300000190734863,59.54000034332275,48.20000076293945
2020-03-13 01:37:31.605120+00:00,15.300000190734863,59.54000034332275,48.099998474121094
2020-03-13 01:38:32.192488+00:00,15.300000190734863,59.54000034332275,47.599998474121094
2020-03-13 01:39:32.779740+00:00,15.199999809265137,59.359999656677246,47.79999923706055
2020-03-13 01:40:35.892884+00:00,15.199999809265137,59.359999656677246,48.20000076293945
2020-03-13 01:41:36.480129+00:00,15.199999809265137,59.359999656677246,48.29999923706055
2020-03-13 01:42:39.568325+00:00,15.300000190734863,59.54000034332275,48.29999923706055
2020-03-13 01:43:42.637459+00:00,15.399999618530273,59.71999931335449,47.400001525878906
2020-03-13 01:44:43.224719+00:00,15.399999618530273,59.71999931335449,47.29999923706055
2020-03-13 01:45:43.761174+00:00,15.399999618530273,59.71999931335449,47.5
2020-03-13 01:46:44.348424+00:00,15.399999618530273,59.71999931335449,47.20000076293945
2020-03-13 01:47:49.974431+00:00,15.300000190734863,59.54000034332275,47.79999923706055
2020-03-13 01:48:50.549561+00:00,15.300000190734863,59.54000034332275,48.0
2020-03-13 01:49:51.118025+00:00,15.300000190734863,59.54000034332275,48.20000076293945
2020-03-13 01:50:54.234090+00:00,15.399999618530273,59.71999931335449,47.900001525878906
2020-03-13 01:51:57.349801+00:00,15.399999618530273,59.71999931335449,48.5
2020-03-13 01:52:57.894727+00:00,15.399999618530273,59.71999931335449,48.70000076293945
2020-03-13 01:53:58.481917+00:00,15.399999618530273,59.71999931335449,48.0
2020-03-13 01:54:59.045103+00:00,15.199999809265137,59.359999656677246,47.70000076293945
2020-03-13 01:55:59.632247+00:00,15.300000190734863,59.54000034332275,50.599998474121094
2020-03-13 01:57:00.219370+00:00,15.399999618530273,59.71999931335449,49.29999923706055
2020-03-13 01:58:00.806603+00:00,15.5,59.9,49.400001525878906
2020-03-13 01:59:01.354950+00:00,15.399999618530273,59.71999931335449,48.5
2020-03-13 02:00:01.942463+00:00,15.399999618530273,59.71999931335449,49.5
2020-03-13 02:01:02.529368+00:00,15.399999618530273,59.71999931335449,51.599998474121094
2020-03-13 02:02:03.114944+00:00,15.399999618530273,59.71999931335449,48.70000076293945
2020-03-13 02:03:03.702701+00:00,15.399999618530273,59.71999931335449,47.79999923706055
2020-03-13 02:04:06.818026+00:00,15.399999618530273,59.71999931335449,49.900001525878906
2020-03-13 02:05:07.354866+00:00,15.300000190734863,59.54000034332275,49.79999923706055
2020-03-13 02:06:07.922285+00:00,15.300000190734863,59.54000034332275,49.79999923706055
2020-03-13 02:07:08.478283+00:00,15.399999618530273,59.71999931335449,49.099998474121094
2020-03-13 02:08:09.033975+00:00,15.300000190734863,59.54000034332275,48.70000076293945
2020-03-13 02:09:09.621298+00:00,15.300000190734863,59.54000034332275,48.29999923706055
2020-03-13 02:10:10.208381+00:00,15.399999618530273,59.71999931335449,48.900001525878906
2020-03-13 02:11:10.795609+00:00,15.300000190734863,59.54000034332275,48.0
2020-03-13 02:12:11.354925+00:00,15.300000190734863,59.54000034332275,49.0
2020-03-13 02:13:11.915094+00:00,15.199999809265137,59.359999656677246,49.599998474121094
2020-03-13 02:14:12.502441+00:00,15.300000190734863,59.54000034332275,47.900001525878906
2020-03-13 02:15:15.622042+00:00,15.399999618530273,59.71999931335449,47.79999923706055
2020-03-13 02:16:16.185367+00:00,15.300000190734863,59.54000034332275,47.70000076293945
2020-03-13 02:17:16.772494+00:00,15.300000190734863,59.54000034332275,48.400001525878906
2020-03-13 02:18:17.309501+00:00,15.300000190734863,59.54000034332275,48.29999923706055
2020-03-13 02:19:17.895048+00:00,15.399999618530273,59.71999931335449,47.5
2020-03-13 02:20:23.538777+00:00,15.399999618530273,59.71999931335449,47.5
2020-03-13 02:21:24.125889+00:00,15.399999618530273,59.71999931335449,47.400001525878906
2020-03-13 02:22:27.241222+00:00,15.399999618530273,59.71999931335449,47.599998474121094
2020-03-13 02:23:27.828364+00:00,15.300000190734863,59.54000034332275,47.29999923706055
2020-03-13 02:24:28.415440+00:00,15.199999809265137,59.359999656677246,48.0
2020-03-13 02:25:28.944167+00:00,15.300000190734863,59.54000034332275,49.099998474121094
2020-03-13 02:26:29.531272+00:00,15.199999809265137,59.359999656677246,48.099998474121094
2020-03-13 02:27:32.643231+00:00,15.300000190734863,59.54000034332275,48.70000076293945
2020-03-13 02:28:33.204026+00:00,15.300000190734863,59.54000034332275,48.70000076293945
2020-03-13 02:29:33.782696+00:00,15.5,59.9,48.29999923706055
2020-03-13 02:30:34.369629+00:00,15.5,59.9,48.400001525878906
2020-03-13 02:31:34.956841+00:00,15.5,59.9,47.79999923706055
2020-03-13 02:32:35.544248+00:00,15.399999618530273,59.71999931335449,48.29999923706055
2020-03-13 02:33:38.659416+00:00,15.300000190734863,59.54000034332275,48.599998474121094
2020-03-13 02:34:41.753761+00:00,15.5,59.9,47.5
2020-03-13 02:35:42.340944+00:00,15.5,59.9,47.29999923706055
2020-03-13 02:36:42.924319+00:00,15.5,59.9,47.20000076293945
2020-03-13 02:37:43.511529+00:00,15.5,59.9,48.099998474121094
2020-03-13 02:38:44.040878+00:00,15.5,59.9,47.5
2020-03-13 02:39:47.132196+00:00,15.600000381469727,60.080000686645505,47.599998474121094
2020-03-13 02:40:55.274837+00:00,15.699999809265137,60.259999656677245,47.29999923706055
2020-03-13 02:41:55.804088+00:00,15.699999809265137,60.259999656677245,47.20000076293945
2020-03-13 02:42:56.391296+00:00,15.800000190734863,60.44000034332275,46.70000076293945
2020-03-13 02:43:56.965119+00:00,15.699999809265137,60.259999656677245,47.099998474121094
2020-03-13 02:45:00.067352+00:00,15.800000190734863,60.44000034332275,47.5
2020-03-13 02:46:03.183180+00:00,15.899999618530273,60.61999931335449,46.5
2020-03-13 02:47:06.298469+00:00,15.800000190734863,60.44000034332275,46.599998474121094
2020-03-13 02:48:06.885217+00:00,15.800000190734863,60.44000034332275,46.20000076293945
2020-03-13 02:49:10.000415+00:00,15.699999809265137,60.259999656677245,48.400001525878906
2020-03-13 02:50:10.587529+00:00,15.699999809265137,60.259999656677245,48.5
2020-03-13 02:51:11.174147+00:00,15.800000190734863,60.44000034332275,46.29999923706055
2020-03-13 02:52:11.761300+00:00,15.800000190734863,60.44000034332275,46.400001525878906
2020-03-13 02:53:14.869880+00:00,15.800000190734863,60.44000034332275,46.70000076293945
2020-03-13 02:54:17.983616+00:00,15.800000190734863,60.44000034332275,46.79999923706055
2020-03-13 02:55:21.102427+00:00,15.699999809265137,60.259999656677245,46.599998474121094
2020-03-13 02:56:24.216925+00:00,15.600000381469727,60.080000686645505,47.099998474121094
2020-03-13 02:57:29.865858+00:00,15.5,59.9,46.599998474121094
2020-03-13 02:58:32.976874+00:00,15.5,59.9,45.900001525878906
2020-03-13 02:59:33.564189+00:00,15.5,59.9,45.900001525878906
2020-03-13 03:00:34.146130+00:00,15.399999618530273,59.71999931335449,46.599998474121094
2020-03-13 03:01:34.733405+00:00,15.300000190734863,59.54000034332275,46.79999923706055
2020-03-13 03:02:35.320252+00:00,15.600000381469727,60.080000686645505,47.099998474121094
2020-03-13 03:03:35.874968+00:00,15.600000381469727,60.080000686645505,46.5
2020-03-13 03:04:36.422433+00:00,15.600000381469727,60.080000686645505,46.5
2020-03-13 03:05:36.955009+00:00,15.5,59.9,46.5
2020-03-13 03:06:40.069628+00:00,15.399999618530273,59.71999931335449,47.0
2020-03-13 03:07:43.185098+00:00,15.5,59.9,46.29999923706055
2020-03-13 03:08:46.281705+00:00,15.5,59.9,46.70000076293945
2020-03-13 03:09:49.400585+00:00,15.600000381469727,60.080000686645505,46.099998474121094
2020-03-13 03:10:54.995314+00:00,15.5,59.9,46.400001525878906
2020-03-13 03:11:58.114144+00:00,15.5,59.9,46.0
2020-03-13 03:12:58.701252+00:00,15.600000381469727,60.080000686645505,46.099998474121094
2020-03-13 03:13:59.278730+00:00,15.600000381469727,60.080000686645505,46.0
2020-03-13 03:14:59.865978+00:00,15.5,59.9,46.099998474121094
2020-03-13 03:16:05.508513+00:00,15.5,59.9,47.29999923706055
2020-03-13 03:17:11.107727+00:00,15.800000190734863,60.44000034332275,46.099998474121094
2020-03-13 03:18:11.695027+00:00,15.699999809265137,60.259999656677245,46.099998474121094
2020-03-13 03:19:14.810188+00:00,15.699999809265137,60.259999656677245,46.0
2020-03-13 03:20:15.397317+00:00,15.600000381469727,60.080000686645505,46.099998474121094
2020-03-13 03:21:15.984640+00:00,15.699999809265137,60.259999656677245,46.29999923706055
2020-03-13 03:22:16.571736+00:00,15.699999809265137,60.259999656677245,46.79999923706055
2020-03-13 03:23:17.158053+00:00,15.699999809265137,60.259999656677245,46.0
2020-03-13 03:24:17.745258+00:00,15.600000381469727,60.080000686645505,46.5
2020-03-13 03:25:20.817278+00:00,15.5,59.9,46.70000076293945
2020-03-13 03:26:21.372834+00:00,15.5,59.9,47.099998474121094
2020-03-13 03:27:21.960049+00:00,15.899999618530273,60.61999931335449,45.900001525878906
2020-03-13 03:28:30.134031+00:00,15.699999809265137,60.259999656677245,45.900001525878906
2020-03-13 03:29:33.251746+00:00,15.600000381469727,60.080000686645505,45.900001525878906
2020-03-13 03:30:33.799018+00:00,15.600000381469727,60.080000686645505,46.0
2020-03-13 03:31:34.355203+00:00,15.699999809265137,60.259999656677245,46.20000076293945
2020-03-13 03:32:37.468078+00:00,15.699999809265137,60.259999656677245,46.20000076293945
2020-03-13 03:33:40.589899+00:00,15.600000381469727,60.080000686645505,45.79999923706055
2020-03-13 03:34:43.707348+00:00,15.600000381469727,60.080000686645505,46.099998474121094
2020-03-13 03:35:46.814668+00:00,15.800000190734863,60.44000034332275,46.5
2020-03-13 03:36:47.355035+00:00,15.699999809265137,60.259999656677245,46.400001525878906
2020-03-13 03:37:47.915283+00:00,15.699999809265137,60.259999656677245,45.29999923706055
2020-03-13 03:38:51.019151+00:00,16.0,60.8,45.29999923706055
2020-03-13 03:39:51.605054+00:00,15.899999618530273,60.61999931335449,45.29999923706055
2020-03-13 03:40:54.727384+00:00,15.800000190734863,60.44000034332275,45.5
2020-03-13 03:41:55.316567+00:00,15.699999809265137,60.259999656677245,45.400001525878906
2020-03-13 03:42:55.905600+00:00,15.699999809265137,60.259999656677245,46.0
2020-03-13 03:43:56.492760+00:00,15.600000381469727,60.080000686645505,45.900001525878906
2020-03-13 03:44:59.563835+00:00,15.699999809265137,60.259999656677245,46.0
2020-03-13 03:46:02.636951+00:00,15.699999809265137,60.259999656677245,46.20000076293945
2020-03-13 03:47:03.224331+00:00,15.699999809265137,60.259999656677245,46.20000076293945
2020-03-13 03:48:08.868282+00:00,15.699999809265137,60.259999656677245,46.20000076293945
2020-03-13 03:49:11.987508+00:00,15.800000190734863,60.44000034332275,46.099998474121094
2020-03-13 03:50:12.516736+00:00,15.800000190734863,60.44000034332275,46.099998474121094
2020-03-13 03:51:15.578066+00:00,15.600000381469727,60.080000686645505,45.900001525878906
2020-03-13 03:52:21.178253+00:00,15.600000381469727,60.080000686645505,46.099998474121094
2020-03-13 03:53:21.765496+00:00,15.600000381469727,60.080000686645505,46.099998474121094
2020-03-13 03:54:22.293241+00:00,15.600000381469727,60.080000686645505,45.400001525878906
2020-03-13 03:55:22.880279+00:00,15.699999809265137,60.259999656677245,46.0
2020-03-13 03:56:25.947886+00:00,15.699999809265137,60.259999656677245,45.79999923706055
2020-03-13 03:57:26.534120+00:00,15.600000381469727,60.080000686645505,45.599998474121094
2020-03-13 03:58:29.653891+00:00,15.5,59.9,46.5
2020-03-13 03:59:30.215972+00:00,15.5,59.9,46.599998474121094
2020-03-13 04:00:30.775046+00:00,15.800000190734863,60.44000034332275,47.0
2020-03-13 04:01:36.418215+00:00,16.0,60.8,45.79999923706055
2020-03-13 04:02:37.004818+00:00,16.0,60.8,45.70000076293945
2020-03-13 04:03:37.591956+00:00,15.899999618530273,60.61999931335449,45.400001525878906
2020-03-13 04:04:40.671096+00:00,15.699999809265137,60.259999656677245,45.599998474121094
2020-03-13 04:05:41.258327+00:00,15.699999809265137,60.259999656677245,45.5
2020-03-13 04:06:41.832933+00:00,15.600000381469727,60.080000686645505,46.400001525878906
2020-03-13 04:07:42.385113+00:00,15.5,59.9,46.099998474121094
2020-03-13 04:08:45.501092+00:00,15.5,59.9,46.29999923706055
2020-03-13 04:09:46.052078+00:00,15.399999618530273,59.71999931335449,46.29999923706055
2020-03-13 04:10:46.639199+00:00,15.300000190734863,59.54000034332275,46.400001525878906
2020-03-13 04:11:49.723976+00:00,15.199999809265137,59.359999656677246,47.099998474121094
2020-03-13 04:12:52.843584+00:00,15.399999618530273,59.71999931335449,47.0
2020-03-13 04:13:53.430742+00:00,15.399999618530273,59.71999931335449,47.099998474121094
2020-03-13 04:14:53.958864+00:00,15.399999618530273,59.71999931335449,46.900001525878906
2020-03-13 04:15:57.022401+00:00,15.5,59.9,46.5
2020-03-13 04:16:57.605131+00:00,15.5,59.9,46.400001525878906
2020-03-13 04:18:00.719508+00:00,15.399999618530273,59.71999931335449,46.599998474121094
2020-03-13 04:19:01.308153+00:00,15.399999618530273,59.71999931335449,46.79999923706055
2020-03-13 04:20:04.423217+00:00,15.5,59.9,46.599998474121094
2020-03-13 04:21:04.964950+00:00,15.399999618530273,59.71999931335449,46.20000076293945
2020-03-13 04:22:05.552144+00:00,15.399999618530273,59.71999931335449,47.0
2020-03-13 04:23:08.633525+00:00,15.399999618530273,59.71999931335449,46.70000076293945
2020-03-13 04:24:09.214986+00:00,15.399999618530273,59.71999931335449,46.5
2020-03-13 04:25:12.332469+00:00,15.5,59.9,47.099998474121094
2020-03-13 04:26:15.406814+00:00,15.5,59.9,46.099998474121094
2020-03-13 04:27:15.984938+00:00,15.5,59.9,46.0
2020-03-13 04:28:19.042452+00:00,15.5,59.9,46.099998474121094
2020-03-13 04:29:19.595046+00:00,15.399999618530273,59.71999931335449,46.29999923706055
2020-03-13 04:30:20.135159+00:00,15.5,59.9,46.29999923706055
2020-03-13 04:31:23.236748+00:00,15.399999618530273,59.71999931335449,46.099998474121094
2020-03-13 04:32:26.300947+00:00,15.399999618530273,59.71999931335449,46.0
2020-03-13 04:33:26.861249+00:00,15.300000190734863,59.54000034332275,45.79999923706055
2020-03-13 04:34:27.448163+00:00,15.300000190734863,59.54000034332275,46.099998474121094
2020-03-13 04:35:28.035419+00:00,15.399999618530273,59.71999931335449,46.0
2020-03-13 04:36:28.622657+00:00,15.300000190734863,59.54000034332275,46.5
2020-03-13 04:37:29.208006+00:00,15.199999809265137,59.359999656677246,45.79999923706055
2020-03-13 04:38:29.794861+00:00,15.199999809265137,59.359999656677246,46.0
2020-03-13 04:39:32.909957+00:00,15.199999809265137,59.359999656677246,46.400001525878906
2020-03-13 04:40:36.028687+00:00,15.199999809265137,59.359999656677246,45.900001525878906
2020-03-13 04:41:36.615668+00:00,15.199999809265137,59.359999656677246,46.0
2020-03-13 04:42:39.687246+00:00,15.199999809265137,59.359999656677246,46.29999923706055
2020-03-13 04:43:40.244529+00:00,15.199999809265137,59.359999656677246,46.29999923706055
2020-03-13 04:44:40.777866+00:00,15.199999809265137,59.359999656677246,46.400001525878906
2020-03-13 04:45:41.365006+00:00,15.100000381469727,59.180000686645506,46.599998474121094
2020-03-13 04:46:41.954056+00:00,15.100000381469727,59.180000686645506,46.400001525878906
2020-03-13 04:47:42.543230+00:00,15.199999809265137,59.359999656677246,46.29999923706055
2020-03-13 04:48:43.105261+00:00,15.100000381469727,59.180000686645506,46.29999923706055
2020-03-13 04:49:43.694368+00:00,15.199999809265137,59.359999656677246,46.400001525878906
2020-03-13 04:50:44.234868+00:00,15.199999809265137,59.359999656677246,46.400001525878906
2020-03-13 04:51:44.824155+00:00,15.199999809265137,59.359999656677246,46.29999923706055
2020-03-13 04:52:45.413349+00:00,15.100000381469727,59.180000686645506,46.599998474121094
2020-03-13 04:53:46.002695+00:00,15.199999809265137,59.359999656677246,46.20000076293945
2020-03-13 04:54:46.589726+00:00,15.199999809265137,59.359999656677246,46.70000076293945
2020-03-13 04:55:47.174935+00:00,15.300000190734863,59.54000034332275,46.20000076293945
2020-03-13 04:56:47.709671+00:00,15.300000190734863,59.54000034332275,46.5
2020-03-13 04:57:48.244941+00:00,15.300000190734863,59.54000034332275,46.0
2020-03-13 04:58:48.832065+00:00,15.300000190734863,59.54000034332275,46.29999923706055
2020-03-13 04:59:51.893337+00:00,15.5,59.9,45.900001525878906
2020-03-13 05:00:55.008808+00:00,15.399999618530273,59.71999931335449,46.099998474121094
2020-03-13 05:01:55.595965+00:00,15.399999618530273,59.71999931335449,46.29999923706055
2020-03-13 05:02:56.183145+00:00,15.399999618530273,59.71999931335449,46.20000076293945
2020-03-13 05:03:56.767129+00:00,15.399999618530273,59.71999931335449,46.29999923706055
2020-03-13 05:04:57.354291+00:00,15.300000190734863,59.54000034332275,46.20000076293945
2020-03-13 05:05:57.905870+00:00,15.300000190734863,59.54000034332275,46.400001525878906
2020-03-13 05:06:58.492927+00:00,15.300000190734863,59.54000034332275,47.0
2020-03-13 05:07:59.047363+00:00,15.300000190734863,59.54000034332275,46.099998474121094
2020-03-13 05:08:59.605027+00:00,15.399999618530273,59.71999931335449,46.70000076293945
2020-03-13 05:10:02.720064+00:00,15.300000190734863,59.54000034332275,46.400001525878906
2020-03-13 05:11:03.305007+00:00,15.300000190734863,59.54000034332275,46.29999923706055
2020-03-13 05:12:03.844994+00:00,15.399999618530273,59.71999931335449,46.20000076293945
2020-03-13 05:13:04.425029+00:00,15.300000190734863,59.54000034332275,46.099998474121094
2020-03-13 05:14:07.540147+00:00,15.399999618530273,59.71999931335449,46.5
2020-03-13 05:15:08.108430+00:00,15.300000190734863,59.54000034332275,46.29999923706055
2020-03-13 05:16:08.695644+00:00,15.300000190734863,59.54000034332275,46.29999923706055
2020-03-13 05:17:11.777828+00:00,15.300000190734863,59.54000034332275,46.400001525878906
2020-03-13 05:18:12.330524+00:00,15.199999809265137,59.359999656677246,46.400001525878906
2020-03-13 05:19:12.917561+00:00,15.300000190734863,59.54000034332275,46.599998474121094
2020-03-13 05:20:13.494940+00:00,15.300000190734863,59.54000034332275,45.900001525878906
2020-03-13 05:21:14.081928+00:00,15.300000190734863,59.54000034332275,46.400001525878906
2020-03-13 05:22:14.646979+00:00,15.199999809265137,59.359999656677246,46.5
2020-03-13 05:23:17.743064+00:00,15.300000190734863,59.54000034332275,46.400001525878906
2020-03-13 05:24:23.386597+00:00,15.399999618530273,59.71999931335449,46.099998474121094
2020-03-13 05:25:23.922100+00:00,15.399999618530273,59.71999931335449,46.099998474121094
2020-03-13 05:26:24.509153+00:00,15.399999618530273,59.71999931335449,46.5
2020-03-13 05:27:25.088254+00:00,15.199999809265137,59.359999656677246,46.20000076293945
2020-03-13 05:28:28.201917+00:00,15.199999809265137,59.359999656677246,46.29999923706055
2020-03-13 05:29:28.789041+00:00,15.199999809265137,59.359999656677246,46.400001525878906
2020-03-13 05:30:29.332384+00:00,15.199999809265137,59.359999656677246,46.70000076293945
2020-03-13 05:31:32.448959+00:00,15.300000190734863,59.54000034332275,46.400001525878906
2020-03-13 05:32:32.986362+00:00,15.199999809265137,59.359999656677246,46.400001525878906
2020-03-13 05:33:33.555447+00:00,15.300000190734863,59.54000034332275,46.29999923706055
2020-03-13 05:34:34.142462+00:00,15.199999809265137,59.359999656677246,46.5
2020-03-13 05:35:34.729620+00:00,15.100000381469727,59.180000686645506,46.70000076293945
2020-03-13 05:36:35.272020+00:00,15.100000381469727,59.180000686645506,46.599998474121094
2020-03-13 05:37:38.387487+00:00,15.100000381469727,59.180000686645506,46.70000076293945
2020-03-13 05:38:41.505379+00:00,15.100000381469727,59.180000686645506,47.0
